age,age^2,sex,education,sdmt,bvmt,cvlt,sdmt_z,bvmt_z,cvlt_z,sdmt_imp,bvmt_imp,cvlt_imp
52,2704,1,12,42,25,50,-0.9770609318996425,-0.17579663444325086,0.6447697250981795,0,0,0
19,361,2,21,60,20,30,-2.4508960573476704,-3.2320085929108493,-2.078900392716887,1,1,1
32,1024,2,17,85,35,70,1.9745519713261643,1.1353383458646606,2.546590503391646,0,0,0
76,5776,1,12,75,10,60,2.8910394265232973,-3.759040458288578,1.4930382006426284,0,1,0
50,2500,1,15,65,15,60,0.9559139784946242,-2.663802363050485,1.3513031060335594,0,1,0
